x,y
0.07987224445133365,0.05030439785881488
0.10460897394180904,0.0700275142394156
-0.13758087093083618,-0.12307555940910556
-0.06677281442680044,-0.06661880187165596
0.07045612142513065,0.042796724284935056
0.08559956087083462,0.23326328126397508
0.053679412078460415,0.029420299925551004
-0.05148533088553978,-0.05442976867036322
0.05562774095678672,0.030973743650992196
-0.02669529965440346,-0.03466415368723912
0.0008536362419153857,-0.012698805800243126
-0.15056196481020978,-0.13342565946695556
0.06105302609864386,0.25828990443910504
0.10893044960414987,0.07347311797038172
-0.03648498781375402,-0.0424696786241959
-0.09347365581415058,-0.08790794611141642
-0.05799572559628503,-0.0596206437459514
-0.009208410631264697,-0.020721488086646554
0.03056946741755176,0.010994253415568981
0.1321591272702008,0.09199383281069176
0.1082164015549823,0.07290379239399558
0.007820021380921978,-0.007144359934567222
-0.13796839914572148,-0.12338454383188029
0.03467582182776813,0.014268336433046083
0.004715577982460254,-0.009619598161529432
-0.07362044579988525,-0.07207856285399626
0.09546973542856646,0.0627406065301262
0.18209326135948792,0.13180737155625388
-0.0641123184296215,-0.06449753227525735
-0.002420958273963084,-0.015309709103398692
-0.26739168269198643,-0.22657645870184445
-0.011347757587021385,-0.022427234555803668
0.1089213887313011,0.07346589354527026
-0.14498609094506912,-0.1289798975804433
0.010449518686976403,-0.005047806248690667
-0.08801334561234671,-0.08355432557213593
0.1642567190877278,0.1175859200426703
0.06396476510079263,0.305209588678359
0.13944540739122455,0.09780333769548029
-0.2836076818172731,-0.23950581697044238
0.034153274284189114,0.013851698250525863
0.18378774630686576,0.13315842015931104
0.009137347318325828,-0.006094028168413411
-0.13553319814533743,-0.12144290669026772
0.05775475857153709,0.03266965967640947
0.032465963905867215,0.01250637008276416
-0.02079691705652252,-0.029961248783011218
0.09506591611627917,0.062418632871642225
-0.0037275128978586126,-0.01635145267401201
0.17660490936479256,0.12743139270380463
0.21129309280558006,0.15508901329983799
0.05871309904891995,0.03343376476050881
-0.06861515888345623,-0.06808774198137289
-0.05633933539373324,-0.058299968886762976
0.01895391923899612,0.0017329317587049253
-0.1426094909265625,-0.12708498423819278
-0.13282027130580795,-0.119279832876945
-0.08930454285181337,-0.08458382437609532
-0.024926727776178874,-0.033254034010945135
-0.004801017406454733,-0.017207380470218584
-0.08457513179230532,-0.08081296514531894
-0.11396553569582948,0.20794009872505337
0.09013218544831443,0.05848486530579344
0.18355588167362247,0.13297354959476193
0.09872269602250769,0.0653342606508342
0.08116687538359701,0.05133663441849378
0.04928836072937201,0.025919222031457897
0.10782299296809049,0.07259011942654116
-0.015143013643525322,-0.025453272291528946
0.028897886565802444,0.009661466731244779
0.055389604565878325,0.03078387248171935
0.023114472677073578,0.005050228804723318
-0.025943813862342225,-0.03406497820848804
0.021781587585734948,0.003987491396831074
-0.17402189277557314,-0.15213075505040888
0.10359083917512042,0.0692157339067622
0.020906415754272396,0.0032896984290256264
-0.06972970276805944,-0.06897639133802208
-0.22411695752608954,-0.19207260720788968
0.09768005750980298,0.0645029429644404
-0.09460562845476328,-0.08881049178298779
0.03840313811767492,0.01724020435929908
-0.17102497252708987,-0.1497412472997188
-0.14252108987054699,-0.1270145002109234
-0.01645793014308568,-0.02650168296204975
-0.014897553998444734,-0.025257562137180146
0.07230642779766039,0.04427201259817883
-0.046949212767089576,-0.05081302598007375
-0.021703204496700466,0.3261008954668788
0.05179373817568157,0.027916812334166347
0.15854624881884524,0.11303284160340059
0.026986085643918325,0.008137147516233805
0.040114017327131726,0.01860432445343923
-0.02650435407791283,-0.03451190875005227
-0.1273670194920906,-0.11493184013942154
-0.08711943619490363,-0.08284159273165541
-0.10454724121535651,-0.09673714941020337
-0.016133890232040617,-0.026243319103563038
0.01764452091776017,0.0006889208481986007
0.011317056335365906,-0.0043561001761345895
